datetime,latitude,longitude,magnitude,depth,dirasakan,wilayah
2026-06-16 03:27:44+00:00,-1.04,120.23,6.7,10.0,"VI-VII Palu, V-VI Sigi, III Polewali Mandar, III Mamasa, III Mamuju, II-III Pinrang, II-III Pare-pare, II-III Pohuwato, II-III Boalemo, III Pasangkayu, II Wajo, II-III Gorontalo Utara, II-III Majene, II-III Kab. Gorontalo, II-III Kota Gorontalo, II-III Luwu Utara, II-III Balikpapan, II-III Samarinda, II-III Pulau Laut - Kotabaru",Pusat gempa berada di darat 42 km tenggara Palu
2026-06-16 03:32:16+00:00,-1.13,120.04,4.6,5.0,"III-IV Sigi, II-III Palu",Pusat gempa berada di darat 33 km timur laut Sigi
2026-06-16 03:35:12+00:00,-1.2,120.11,4.1,5.0,"III Sigi, II Palu",Pusat gempa berada di darat 33 km timur laut Sigi
2026-06-16 03:38:36+00:00,-1.17,120.23,4.5,10.0,"III-IV Sigi, II-III Palu",Pusat gempa berada di darat 45 km timur laut Sigi
2026-06-16 03:41:32+00:00,-1.17,120.08,4.0,4.0,"III Sigi, II Palu",Pusat gempa berada di darat 32 km timur laut Sigi
2026-06-16 03:48:05+00:00,-1.18,120.11,3.8,14.0,"III Sigi, II Palu",Pusat gempa berada di darat 34 km timur laut Sigi
2026-06-16 05:07:05+00:00,-1.07,120.06,3.9,10.0,II-III Sigi,Pusat gempa berada di darat 40 km timur laut Sigi
2026-06-16 05:14:13+00:00,1.28,126.45,4.1,10.0,II-III Batang Dua,Pusat gempa berada di laut 116 km barat Jailolo
2026-06-16 07:49:01+00:00,4.76,96.79,2.0,4.0,II Bener Meriah,Pusat gempa berada di darat 8 km barat laut Kab. Bener Meriah
2026-06-16 08:04:42+00:00,-1.06,120.18,4.7,9.0,"III-IV Sigi, III Palu",Pusat gempa berada di darat 49 km timur laut Sigi
2026-06-16 10:23:51+00:00,0.53,126.59,4.0,22.0,"II-III Kota Ternate, II-III Batang Dua",Pusat gempa berada di laut 90 km barat Ternate
2026-06-16 11:03:51+00:00,-1.29,120.31,4.7,3.0,"III-IV Sigi, III-IV Palu",Pusat gempa berada di darat 48 km timur Sigi
2026-06-16 18:29:38+00:00,-1.1400000000000001,120.33,5.1,5.0,"III-IV Palu, III-IV Sigi",Pusat gempa berada di darat 54 km barat laut Poso
2026-06-17 01:08:01+00:00,-9.66,119.47,3.6,14.0,"IV Sumba Barat, II-III Sumba Barat Daya",Pusat gempa berada di darat 8 km timur Waikabubak
2026-06-17 03:44:16+00:00,-9.57,119.44,5.0,10.0,"III Sumba Barat Daya, III Sumba Timur, III-IV Sumba Barat",Pusat gempa berada di darat 10 km timur laut Waikabubak
2026-06-17 09:44:47+00:00,5.18,94.84,3.9,19.0,"II-III Aceh Jaya, II Banda Aceh",Pusat gempa berada di laut 85 km barat Jantho
2026-06-18 03:25:54+00:00,-1.21,120.19,3.0,5.0,II Sigi,Pusat gempa berada di darat 40 km Timur laut Sigi
2026-06-18 04:46:28+00:00,-1.1400000000000001,120.14,2.3,5.0,II Sigi,Pusat gempa berada di darat 40 km Timur Laut Sigi
2026-06-18 04:53:42+00:00,-1.12,120.14,3.2,5.0,II-III SIgi,Pusat gempa berada di darat 41 km Timur Laut Sigi
2026-06-18 05:02:37+00:00,-1.16,120.1,2.2,5.0,II Sigi,Pusat gempa berada di darat 35 km Timur Laut Sigi
2026-06-18 06:18:14+00:00,-1.23,120.22,2.2,5.0,II Sigi,Pusat gempa berada di darat 42 km timur laut Sigi
2026-06-18 10:08:13+00:00,4.75,96.76,2.7,5.0,II-III Bener Meriah,Pusat gempa berada di darat 11 km barat Kabupaten Bener Meriah
2026-06-18 12:17:00+00:00,5.5600000000000005,125.32,3.7,10.0,III Marore,Pusat gempa berada di laut 214 km barat laut Pulau Karatung
2026-06-18 13:39:04+00:00,-1.1400000000000001,120.22,4.7,5.0,"III Palu, III Sigi",Pusat gempa berada di darat 46 Km timur laut Sigi
2026-06-18 13:45:08+00:00,1.35,121.32,4.5,10.0,III-IV Tolitoli,Pusat gempa berada di laut 42 Km utara Buol
2026-06-18 16:50:34+00:00,4.77,125.37,4.5,10.0,III-IV Marore,Pusat gempa berada di laut 130 km utara Tahuna-Kep. Sangihe
2026-06-18 20:26:45+00:00,-1.03,120.07,4.4,10.0,"II-III Palu, II-III Sigi",Pusat gempa berada di darat 44 km timur laut Sigi
2026-06-18 20:29:27+00:00,-1.07,120.11,4.0,10.0,"III Palu, III Sigi",Pusat gempa berada di darat 43 km timur laut Sigi
2026-06-18 22:30:04+00:00,-4.08,121.87,2.6,2.0,II-III Kolaka Timur,Pusat gempa berada di darat 9 km Selatan Kolaka Timur
2026-06-19 01:16:34+00:00,-1.17,120.26,3.2,3.0,II Sigi,Pusat gempa berada di darat 49 km timur laut Sigi
2026-06-19 01:53:20+00:00,-1.17,120.01,3.3,4.0,II Sigi,Pusat gempa berada di darat 28 km timur laut Sigi
2026-06-19 11:48:28+00:00,4.74,125.53,3.4,10.0,III Mamore,Pusat gempa berada di laut 126 km utara Tahuna-Kep. Sangihe
2026-06-19 21:56:18+00:00,5.09,125.07,4.0,10.0,II Marore,Pusat gempa berada di laut 171 km Utara Tahuna Kep. Sangihe
2026-06-19 22:33:17+00:00,-1.15,120.02,4.6,5.0,"II-III Sigi, II-III Palu, II-III Parigi Moutong",Pusat gempa berada di darat 31 km Timur Laut Sigi
2026-06-20 01:40:08+00:00,-4.95,102.95,5.0,23.0,"III Kaur, III Bengkulu Selatan, III Seluma, II-III Argamakmur, II-III Kota Bengkulu, II Rejang Lebong, II Kepahiang",Pusat gempa berada di laut 47 km barat daya Kaur
2026-06-20 03:03:59+00:00,-1.13,120.0,2.7,5.0,II-III Sigi,Pusat gempa berada di darat 31 km timur laut Sigi
2026-06-20 03:25:59+00:00,-1.26,99.81,4.3,23.0,"II-III Padang, II-III Padang Pariaman",Pusat gempa berada di laut 79 km barat daya Pariaman
2026-06-20 09:10:46+00:00,-1.17,120.06,3.1,3.0,II-III Sigi,Pusat gempa berada di darat 32 km Timur Laut Sigi
2026-06-21 02:33:29+00:00,-1.25,99.8,4.7,24.0,"II Padang Panjang, II Bukittinggi, II Solok, II Muko-Muko, II Pasaman Barat, III Padang, III Pariaman, III Mentawai",Pusat gempa berada di laut 71 km barat daya Padang
2026-06-21 05:52:47+00:00,-1.18,120.15,3.8,2.0,II-III Sigi,Pusat gempa berada di darat 38 km timur laut Sigi
2026-06-21 07:41:00+00:00,-1.08,120.01,4.1,6.0,II-III Sigi,Pusat gempa berada di darat 37 km utara Sigi
2026-06-22 18:03:48+00:00,-4.68,102.74,4.9,38.0,"III - IV Bengkulu Selatan, III Seluma, III Kaur, III P. Enggano, II - III Kota Bengkulu, II - III Bengkulu Utara, II - III Kepahiang",Pusat gempa berada di laut 31 km barat daya Bengkulu Selatan
2026-06-23 16:15:10+00:00,-5.44,104.62,2.3,10.0,II-III Tanggamus,Pusat gempa berada di darat 8 km barat laut Tanggamus
2026-06-23 20:47:49+00:00,-6.84,107.08,3.2,12.0,"III Cilaku, III Cugenang",Pusat gempa berada di darat 7 km barat Kab. Cianjur
2026-06-23 21:08:50+00:00,-6.86,107.05,2.4,3.0,II Cugenang,Pusat gempa berada di darat 11 km barat daya Kab. Cianjur
2026-06-24 06:18:15+00:00,-5.02,123.03,3.4,6.0,"III Buton Utara, III Buton",Pusat gempa berada di laut 32 km barat daya Buton Utara
2026-06-24 09:00:32+00:00,-1.13,120.12,4.4,7.0,"II-III Sigi, II-III Palu",Pusat gempa berada di darat 39 km Timur Laut Sigi
2026-06-24 15:42:05+00:00,-9.63,119.42,4.3,10.0,"III Sumba Barat Daya, III Sumba Barat, III Sumba Tengah",Pusat gempa berada di darat 3 km timur laut Waikabubak
2026-06-24 15:55:05+00:00,-9.64,119.42,3.0,10.0,"II Sumba Barat, II Sumba Tengah",Pusat gempa berada di darat 3 km timur laut Waikabubak
2026-06-26 11:27:47+00:00,-2.74,134.49,3.6,14.0,II-III Teluk Wondama,Pusat gempa berada di laut 3 km barat daya Teluk Wondama
2026-06-26 11:34:39+00:00,5.33,125.08,6.8,10.0,"III Kab. Kep. Talaud, II-III Kab. Gorontalo, II-III Kab. Toli-Toli, II-III Buol, II Tondano",Pusat gempa berada di laut 196 km barat laut Tahuna-Kep.Sangihe
2026-06-26 13:47:15+00:00,-1.26,120.31,4.0,4.0,"II-III Palu, II-III Sigi",Pusat gempa berada di darat 49 km timur Sigi
2026-06-27 04:01:48+00:00,3.25,97.09,4.1,22.0,III-IV Kab. Aceh Selatan,Pusat gempa berada di laut 18 km barat Kab. Aceh Selatan
2026-06-27 04:08:45+00:00,3.3,97.1,3.6,23.0,III Kab. Aceh Selatan,Pusat gempa berada di laut 16 km barat Kab. Aceh Selatan
2026-06-27 07:47:21+00:00,-8.96,111.16,5.6,10.0,"III Pacitan, III Wonogiri, III Blitar, III Tulungagung, II Kulon Progo, II Bantul, II Sleman, II Yogyakarta, II Trenggalek, II Malang, II Nganjuk, II Magetan, II Klaten, II Ponorogo, II Jember",Pusat gempa berada di laut 86 km tenggara Pacitan
2026-06-27 15:13:01+00:00,-9.62,119.44,3.0,5.0,"II Sumba Tengah, II Sumba Barat",Pusat gempa berada di darat 6 km Timur Laut Waikabubak
2026-06-27 21:10:33+00:00,-6.24,104.74,4.9,25.0,"III Kota Agung , III Tanggamus, II Bandar Lampung",Pusat gempa berada di laut 82 km selatan Tanggamus
2026-06-30 04:46:45+00:00,1.05,128.01,3.5,4.0,II-III Kab. Halmahera Timur,Pusat gempa berada di darat 51 km Barat Laut Maba
2026-06-30 17:05:30+00:00,-1.1400000000000001,120.08,4.4,2.0,III Sigi,Pusat gempa berada di darat 35 km timur laut Sigi
2026-06-30 18:25:40+00:00,-3.73,123.4,4.5,17.0,"II-III Kendari, II-III Konawe",Pusat gempa berada di laut 54 km Timur Laut Konawe Kepulauan
2026-06-30 19:53:22+00:00,-1.08,120.1,4.0,2.0,III Palu,Pusat gempa berada di darat 42 km Timur Laut Sigi
2026-06-30 20:57:52+00:00,-7.41,106.71,3.2,26.0,"II Simpenan, Sukabumi",Pusat gempa berada di darat 50 km selatan Kab. Sukabumi
2026-07-01 00:31:36+00:00,-3.93,122.43,2.0,5.0,II Kendari,Pusat gempa berada di darat 11 km barat laut Kendari
2026-07-02 01:21:12+00:00,-2.84,140.07,4.4,29.0,II Jayapura,Pusat gempa berada di darat 30 km Selatan Genyem Jayapura
2026-07-03 02:31:29+00:00,1.9300000000000002,127.39,6.2,100.0,"III-IV Halmahera Utara, III Ternate, III Tidore, III Sanana, III Morotai, III Bolaang Mongondow Timur, II-III Gorontalo Utara, II-III Bone Bolango, II-III Kota Gorontalo",Pusat gempa berada di laut 58 km barat daya Pulau Doi
2026-07-03 04:05:35+00:00,-8.4,116.2,3.3,12.0,III Kab. Lombok Utara,Pusat gempa berada di darat 7 km tenggara Lombok Utara
2026-07-03 05:19:32+00:00,2.04,98.99,2.6,10.0,II Tarutung,Pusat gempa berada di darat 4 km Timur laut Tapanuli Utara
2026-07-03 13:38:08+00:00,-5.43,104.69,2.8,3.0,II Gisting,Pusat gempa berada di darat 5 km utara Tanggamus
2026-07-03 17:14:49+00:00,-9.61,119.45,4.5,9.0,"III Sumba Timur, III Tambolaka, III Sumba Tengah, III Sumba Barat",Pusat gempa berada di darat 8 km timur laut Waikabubak
2026-07-04 08:55:52+00:00,-2.33,138.28,4.9,14.0,II Sarmi,Pusat gempa berada di darat 25 km timur laut Burmeso
2026-07-04 20:54:52+00:00,-7.53,106.73,3.7,30.0,"II-III Kecamatan Cimanggu, II-III Simpenan, Sukabumi, II-III Jampang Barat, II-III Cigaru",Pusat gempa berada di laut 63 km tenggara Kabupaten Sukabumi
2026-07-06 00:23:37+00:00,1.08,120.92,3.4,3.0,II-III Toli-Toli,Pusat gempa berada di darat 29 km Timur Laut Toli-Toli
2026-07-06 10:32:55+00:00,-0.87,127.48,3.5,12.0,II Labuha,"Pusat gempa berada di laut, 25 km Selatan Labuha"
2026-07-06 10:51:28+00:00,-0.66,131.57,3.8,8.0,II-III Sorong,Pusat gempa berada di laut 34 km Timur Laut Kota Sorong
2026-07-06 18:47:27+00:00,-2.16,120.61,4.3,4.0,III Poso,Pusat gempa berada di darat 52 km Timur Laut Luwu Utara
2026-07-07 01:23:53+00:00,-0.66,131.5,4.5,10.0,IV Kota Sorong,Pusat gempa berada di laut 34 km timur laut Kota Sorong
2026-07-07 07:16:27+00:00,3.14,127.44,5.6,10.0,II-III Naha,Pusat gempa berada di laut 101 km barat laut Pulau Doi
2026-07-07 15:36:08+00:00,2.86,97.66,4.4,44.0,"II - III Subulussalam, II-III Aceh Singkil",Pusat gempa berada di darat 47 Km barat laut Kota Subulussalam
2026-07-07 16:57:28+00:00,4.76,96.77,2.1,8.0,II Bener Meriah,Pusat gempa berada di darat 10 Km barat Kab. Bener Meriah
2026-07-07 19:44:53+00:00,-6.79,105.12,5.5,10.0,"II-III Kecamatan Simpenan , II-III Kabupaten Bogor",Pusat gempa berada di laut 52 km Baratdaya Sumur
2026-07-09 01:09:36+00:00,-3.76,119.02,4.7,13.0,"III-IV Majene, III-IV Polewali Mandar, III-IV Pare-pare, II-III Sidrap, II-III Mamuju, II-III Makassar, II-III Pangkep, II-III Gowa, III-IV Pinrang",Pusat gempa berada di laut 50 km Selatan Polewali Mandar
2026-07-09 03:26:42+00:00,-2.39,140.53,4.4,8.0,III-IV Jayapura,Pusat gempa berada di laut 25 km TimurLaut Jayapura
2026-07-09 05:10:59+00:00,-6.8,107.68,2.6,25.0,"II-III Lembang, II-III Parongpong",Pusat gempa berada di darat 16 km Timur Laut Kota Cimahi
2026-07-10 10:18:45+00:00,-4.07,121.82,1.7000000000000002,5.0,II Kolaka Timur,Pusat gempa berada di darat 9 km Barat Daya Kolaka Timur
2026-07-10 17:48:33+00:00,-2.5300000000000002,121.2,3.7,2.0,"III Malili, III Wasuponda",Pusat gempa berada di darat 13 km timur laut Luwu Timur
2026-07-11 12:47:31+00:00,-7.66,107.0,4.3,22.0,"III Kab. Sukabumi, III Kab. Cianjur, II-III Kab. Bandung, II-III Kab. Bandung Barat, II-III Kab. Garut, II-III Kab. Tasikmalaya",Pusat gempa berada di laut 82 km tenggara Kota Sukabumi
2026-07-12 11:38:41+00:00,4.08,97.2,3.4,16.0,II Bener Meriah,Pusat gempa berada di darat 19 km barat laut Kab. Gayo Lues
2026-07-12 13:20:25+00:00,-9.65,119.37,5.3,13.0,"III-IV Sumba Barat Daya, III-IV Sumba Barat, III-IV Sumba Tengah, III-IV Sumba Timur, III Manggarai Barat",Pusat gempa berada di laut 2 km Barat Daya Waikabubak
2026-07-12 13:46:35+00:00,1.31,121.38,5.4,10.0,"IV Tolitoli, IV Buol, II-III Pohuwato, II-III Gorontalo Utara",Pusat gempa berada di laut 37 km Timur Laut Buol
2026-07-12 16:40:27+00:00,4.13,97.44,4.0,5.0,II-III Bener Meriah,Pusat gempa berada di darat 18 km timur laut Kab. Gayo Lues
2026-07-13 09:07:12+00:00,-4.08,121.84,2.8,5.0,II-III Kolaka Timur,Pusat gempa berada di darat 9 km Selatan Kolaka Timur
2026-07-13 12:06:26+00:00,-8.16,114.77,4.1,12.0,"III Buleleng, III Jembrana, II-III Banyuwangi",Pusat gempa berada di laut 28 km Timur Laut Jembrana
2026-07-14 09:52:32+00:00,-9.57,119.45,4.2,3.0,III Sumba Barat,Pusat gempa berada di darat 11 km Timur Laut Waikabubak
2026-07-14 15:49:37+00:00,5.34,125.06,6.2,10.0,"II-III Manado, III-IV Kep. Sangihe, II-III Minahasa Selatan, II-III Minahasa",Pusat gempa berada di laut 198 km BaratLaut TAHUNA-KEP.SANGIHE
2026-07-15 17:37:36+00:00,1.6400000000000001,118.08,3.4,21.0,II-III Berau,Pusat gempa berada di darat 91 km tenggara Berau
2026-07-17 00:32:50+00:00,1.09,120.92,3.8,10.0,II-III Toli-Toli,Pusat gempa berada di darat 30 km timur laut Toli-Toli
2026-07-17 14:16:14+00:00,-1.17,120.13,3.4,6.0,II-III Sigi,Pusat gempa berada di darat 37 km Timur laut Sigi
2026-07-17 17:43:34+00:00,-3.41,135.55,3.3,10.0,II Nabire,Pusat gempa berada di darat 7 km tenggara Nabire
2026-07-18 00:50:04+00:00,-0.32,99.0,4.7,26.0,II-III Sungai Beremas,"Pusat gempa berada di laut 71 Km barat daya Airbangis, Pasaman Barat"
2026-07-18 03:10:44+00:00,-0.30000000000000004,100.31,2.9,7.0,II-III MMI Bukittinggi,Pusat gempa berada di darat 6 Km barat laut Bukittinggi
2026-07-18 04:58:50+00:00,-0.24,100.35,3.1,5.0,II Bukittinggi,Pusat gempa berada di darat 7 km barat laut Bukittinggi
2026-07-18 12:54:38+00:00,1.3,121.35,3.3,11.0,II-III Buol,Pusat gempa berada di laut 37 km utara Buol
2026-07-18 13:14:43+00:00,-1.18,120.15,3.2,8.0,II-III Sigi,Pusat gempa berada di darat 38 km timur laut Sigi
2026-07-18 19:55:40+00:00,-8.95,115.62,3.8,82.0,"II Badung, II Gianyar",Pusat gempa berada di laut 47 km timur Kuta Selatan
2026-07-19 08:11:09+00:00,-7.74,106.44,5.0,10.0,"III Cikotok, III KelapaNunggal, III Cidolog, III Cisaat, III Simpenan, III Kota Sukabumi, III Nagrak, II-III Bayah, II-III Panggarangan, II-III Cimahi, II-III Banjaran, II-III Lembang",Pusat gempa berada di laut 79 km barat daya Sukabumi
2026-07-21 12:10:00+00:00,-0.9400000000000001,134.13,3.8,7.0,II-III Manokwari,Pusat gempa berada di laut 11 km Tenggara Manokwari
2026-07-21 17:49:29+00:00,-10.46,121.77,3.5,5.0,II - III Sabu Raijua,Pusat gempa berada di laut 10 km Barat laut Sabu Raijua
2026-07-22 04:15:59+00:00,4.23,97.48,3.8,10.0,IV Gayo Lues,Pusat gempa berada di darat 30 km timur laut Kab. Gayo Lues
2026-07-22 04:18:23+00:00,4.25,97.62,5.6,10.0,"V Gayo Lues, III Medan, III Aceh Selatan, III-IV Aceh Barat Daya, III Sibolga, III Deli Serdang, III-IV Lhokseumawe, II Langsa, IV Aceh Tenggara, III-IV Aceh Utara, III-IV Aceh Timur, III-IV Bener Meriah, III-IV Aceh Tengah, III Aceh Tamiang, II Pidie, II Pidie Jaya",Pusat gempa berada di darat 41 km timur laut Kab. Gayo Lues
2026-07-22 04:26:51+00:00,4.17,97.42,3.9,10.0,III Gayo Lues,Pusat gempa berada di darat 22 km timur laut Kab. Gayo Lues
2026-07-22 04:29:22+00:00,4.16,97.46,3.0,6.0,"IV Gayo Lues, II Bireuen, II Aceh Utara, II Lhokseumawe",Pusat gempa berada di darat 22 km timur laut Kab. Gayo Lues
2026-07-22 04:41:09+00:00,4.19,97.46,4.3,4.0,"IV Gayo Lues, III Bener Meriah, II-III Lhokseumawe, II-III Aceh Utara, II Bireuen, II Aceh Tamiang, II Aceh Timur",Pusat gempa berada di darat 26 km timur laut Kab. Gayo Lues
2026-07-22 14:22:12+00:00,-8.16,117.75,3.9,12.0,"III Kabupaten Bima, III Kabupaten Dompu",Pusat gempa berada didarat 51Km Timur Laut Sumbawa
2026-07-22 17:36:41+00:00,4.25,97.63,4.4,5.0,"III Blangkejeren, II Kuta Cane, II Bener Meriah, II Aceh Tengah, II Aceh Timur, II Langsa",Pusat gempa berada di darat 43 km Timur Laut Kab. Gayo Lues
2026-07-22 19:37:14+00:00,-8.16,117.75,4.3,19.0,"III Kab.Bima, III Kab.Dompu, III Kab.Sumbawa",Pusat gempa berada didarat 51 Km Timur Laut Sumbawa
